<?xml version="1.0" encoding="UTF-8"?>
<!DOCTYPE mapper
PUBLIC "-//mybatis.org//DTD Mapper 3.0//EN"
"http://mybatis.org/dtd/mybatis-3-mapper.dtd">

<!-- 다른 mapper와 중복되지 않도록 네임스페이스 기재 -->
<mapper namespace="review">
	<select id="listAll" resultType="ReviewDTO">	
		select *
			from (
			    select rownum as rn, A.*
			    from (
							select bno, rating, product, title, subject, content, writer, name, reg_date, viewcnt, show
							from review_tb r, member_tb m, exhibition_tb e
							where r.writer=m.userid and r.product=e.code and show='y'
							order by bno desc
			    ) A    
			) where rn between #{start} and #{end}
		
		</select>

	<insert id="insert">
		insert into review_tb(bno, rating, product, subject, content, writer) values
		(seq_review.nextval, #{rating}, #{product}, #{subject}, #{content}, #{writer})
	</insert>
	
	<!-- 첨부파일 정보 저장 -->
	<insert id="addAttach">
		insert into attach (fullName, bno) values
		(#{fullName}, seq_review.currval)
	</insert>
	
	<!-- 레코드 개수 계산 -->
	<select id="countArticle" resultType="int">
		select count(*)
		from review_tb r, member_tb m
		where r.writer=m.userid
	</select>
	
	<!-- 조회수 증가 처리  -->
	<update id="increaseViewcnt">
		update review_tb set viewcnt=viewcnt+1
		where bno=#{bno}
	</update>
	
	<select id="read" resultType="ReviewDTO">
		select bno, rating, product, subject, content, writer, name, reg_date, viewcnt
		from review_tb r, member_tb m, exhibition_tb e
		where r.writer=m.userid and r.product=e.code and bno=#{bno}
	</select>

	<!-- 게시물 내용 수정 -->
	<update id="update">
		update review_tb
		set rating=#{rating}, product=#{product}, subject=#{subject}, content=#{content}
		where bno=#{bno}
	</update>
	
	<!-- 새로운 첨부파일 추가 -->
	<insert id="updateAttach">
		insert into review_attach_tb (fullName,bno) values
		(#{fullName}, #{bno})
	</insert>
	
	<!-- 게시물 삭제 -->
	<delete id="delete">
		update review_tb set show='n' where bno=#{bno}
	</delete>
	
</mapper>














