<?xml version="1.0" encoding="UTF-8"?>
<beans:beans
	xmlns="http://www.springframework.org/schema/mvc"
	xmlns:xsi="http://www.w3.org/2001/XMLSchema-instance"
	xmlns:beans="http://www.springframework.org/schema/beans"
	xmlns:context="http://www.springframework.org/schema/context"
	xmlns:aop="http://www.springframework.org/schema/aop"
	xmlns:tx="http://www.springframework.org/schema/tx"
	xsi:schemaLocation="http://www.springframework.org/schema/mvc http://www.springframework.org/schema/mvc/spring-mvc.xsd
		http://www.springframework.org/schema/beans http://www.springframework.org/schema/beans/spring-beans.xsd
		http://www.springframework.org/schema/context http://www.springframework.org/schema/context/spring-context.xsd
		http://www.springframework.org/schema/aop http://www.springframework.org/schema/aop/spring-aop-4.3.xsd
		http://www.springframework.org/schema/tx http://www.springframework.org/schema/tx/spring-tx-4.3.xsd">

	<!-- DispatcherServlet Context: defines this servlet's request-processing 
		infrastructure -->

	<!-- Enables the Spring MVC @Controller programming model -->
	<annotation-driven />

	<!-- Handles HTTP GET requests for /resources/** by efficiently serving 
		up static resources in the ${webappRoot}/resources directory -->
	<resources mapping="/resources/**" location="/resources/" />
	<!-- 리소스 매핑 -->

	<resources location="/WEB-INF/views/include/" mapping="/include/**" />
	<resources location="/WEB-INF/views/images/" mapping="/images/**" />
	<resources location="/WEB-INF/views/json/" mapping="/json/**" />



	<!-- Resolves views selected for rendering by @Controllers to .jsp resources 
		in the /WEB-INF/views directory -->
	<beans:bean
		class="org.springframework.web.servlet.view.InternalResourceViewResolver">
		<beans:property name="prefix" value="/WEB-INF/views/" />
		<beans:property name="suffix" value=".jsp" />
	</beans:bean>
	
	<!-- 스프링 빈을 태그로 등록하지 않고 자동으로 검색(auto scan) -->
	<context:component-scan base-package="com.ranzo.power" />

	<!-- 파일업로드에 필요한 bean -->
	<beans:bean id="multipartResolver"
		class="org.springframework.web.multipart.commons.CommonsMultipartResolver">
		<!-- 파일업로드 최대 용량(byte) -->
		<beans:property name="maxUploadSize" value="10485760" />
		<beans:property name="defaultEncoding" value="utf-8" />
	</beans:bean>
	
	<!-- 파일업로드를 위한 디렉토리 설정 -->
	<!-- String uploadPath=new String("c:/dev/upload"); -->
	<beans:bean id="uploadPath" class="java.lang.String">
		<beans:constructor-arg value="c:/dev/upload" />
	</beans:bean>
  
	<!-- 인터셉터  -->
	<beans:bean id="loginInterceptor" class="com.ranzo.power.interceptor.LoginInterceptor">
	</beans:bean>
	<beans:bean id="AdminInterceptor" class="com.ranzo.power.interceptor.AdminInterceptor">
	</beans:bean>
	
		<interceptors>
			<interceptor>
	      <mapping path="/reserv/pay/*"/>
	       <mapping path="/reserv/list.do/*"/>
	       
	       <mapping path="/board/qna/write.do"/>
	       <mapping path="/board/qna/insert.do"/>
	       <mapping path="/board/qna/update.do"/>
	       <mapping path="/board/qna/delete.do"/>
	       <mapping path="/board/review/insert.do"/>
	       <mapping path="/board/review/update.do"/>
	       <mapping path="/board/review/delete.do"/>
	       
	       
				<beans:ref bean="loginInterceptor" />
			</interceptor>		
			<interceptor>
				<mapping path="/admin/**/" />
				
				<beans:ref bean="AdminInterceptor" />
			</interceptor>		
		</interceptors>

	<context:component-scan base-package="com.ranzo.power" />
	

</beans:beans>
