<?xml version="1.0" encoding="UTF-8"?>
<!DOCTYPE mapper
PUBLIC "-//mybatis.org//DTD Mapper 3.0//EN"
"http://mybatis.org/dtd/mybatis-3-mapper.dtd">

<!-- 다른 mapper와 중복되지 않도록 네임스페이스 기재 -->
<mapper namespace="reserv">
 <insert id="insert">
 INSERT INTO RESERV_ITEM_TB(no, userid, code, res_date, adult, teen, kids, quantity, sub_total)
 VALUES (seq_reserv_no.nextval, #{userid}, #{code}, #{res_date},#{adult},#{teen},#{kids},#{quantity},#{sub_total}) 
 </insert>
 <select id="orderlist" resultType="ReservDTO">
 select *
			from (
			    select rownum as rn, A.*
			    from (
			       select r.no, r.userid, m.name, r.code, r.res_date, r.adult,r.teen, r.kids, r.quantity, e.title,r.pay
                    from RESERV_ITEM_TB r, EXHIBITION_TB e, MEMBER_TB m
                    where r.code = e.code and r.userid=m.userid and r.userid=#{userid}
			        order by no desc 
			    ) A    
			) where rn between #{start} and #{end}
 </select>
 <select id="orderlist2" resultType="ReservDTO">
   select *
			from (
			    select rownum as rn, A.*
			    from (
			       select r.no, r.userid, m.name, r.code, r.res_date, r.adult,r.teen, r.kids, r.quantity, e.title,r.pay
                    from RESERV_ITEM_TB r, EXHIBITION_TB e, MEMBER_TB m
                    where r.code = e.code and r.userid=m.userid and r.userid=#{userid}
			        and res_date between TO_DATE(#{strDate},'yyyy-mm-dd') and TO_DATE(#{endDate},'yyyy-mm-dd')
			        order by no desc
			    ) A    
			) where rn between #{start} and #{end}
 </select>
 <select id="orderdetail" resultType="ReservDTO">
 select r.no, r.userid, m.name, r.code, r.res_date, r.adult, r.teen, r.kids, r.quantity, 
 r.sub_total, e.title, e.gallery, r.pay, e.thumnail,m.zipcode, m.addr1, m.addr2, m.hp,
 r.r_name,r.r_zipcode, r.r_addr1, r.r_addr2, r.r_hp, r.edit
 from RESERV_ITEM_TB r, EXHIBITION_TB e, MEMBER_TB m
 where r.code = e.code and r.userid=m.userid and r.no=#{no}
 </select>
 <update id="updateaddr">
 update RESERV_ITEM_TB set r_name=#{r_name},r_zipcode=#{r_zipcode},r_addr1=#{r_addr1},r_addr2=#{r_addr2},r_hp=#{r_hp}, edit=#{edit}
 where no=#{no}
 </update>
 <update id="delete">
 update RESERV_ITEM_TB set pay='n' where no=#{no}
 </update>
 <select id="countorder" resultType="int">
 select count(*)
 from RESERV_ITEM_TB
 where userid=#{userid}
 </select>
 <select id="countorder2" resultType="int">
 select count(*)
 from RESERV_ITEM_TB
 where userid=#{userid}
 and res_date between TO_DATE(#{strDate},'yyyy-mm-dd') and TO_DATE(#{endDate},'yyyy-mm-dd')
 </select>
 <select id="firstorder" resultType="int">
 select count(*)
 from reserv_item_tb
 where userid=#{userid}
 </select>
 <select id="canclelist" resultType="ReservDTO">
    select *
			from (
			    select rownum as rn, A.*
			    from (
			       select r.no, r.userid, m.name, r.code, r.res_date, r.adult,r.teen, r.kids, r.quantity, e.title,r.pay
                    from RESERV_ITEM_TB r, EXHIBITION_TB e, MEMBER_TB m
                    where r.code = e.code and r.userid=m.userid and r.userid=#{userid} and pay='n'
			        order by no desc
			    ) A    
			) where rn between #{start} and #{end}
 
 </select>
 <select id="countcancle" resultType="int">
 select count(*)
 from reserv_item_tb
 where userid=#{userid} and pay='n'
 </select>
 <select id="mypagelist" resultType="ReservDTO">
	select * from (select e.title, r.res_date
	from RESERV_ITEM_TB r, EXHIBITION_TB e, MEMBER_TB m
	where r.code = e.code and r.userid=m.userid
	and res_date  between '22-10-28' and '22-11-02' and m.userid=#{userid})
	where rownum between 1 and 5
 </select>
 
	
</mapper>














