<?xml version="1.0" encoding="UTF-8"?>
<!DOCTYPE mapper
PUBLIC "-//mybatis.org//DTD Mapper 3.0//EN"
"http://mybatis.org/dtd/mybatis-3-mapper.dtd">

<!-- 다른 mapper와 중복되지 않도록 네임스페이스 기재 -->
<mapper namespace="cart">
	<select id="listCart" resultType="com.example.album.model.shop.dto.CartDTO">
		 select cart_id, m.userid, name
		    , p.product_id, product_name, amount, price
		    , price*amount money
		from albummember m, albumcart c, albumproduct p
		where m.userid=c.userid and p.product_id=c.product_id
		    and m.userid=#{userid}	
	</select>
	
	<insert id="insert">
		insert into albumcart (cart_id,userid,product_id,amount) 
		values 
	 (cart_seq.nextval,#{userid}, #{product_id}, #{amount})
	</insert>
	
	<select id="sumMoney" resultType="int">
		select nvl(sum(price*amount), 0) money
		from albumproduct p, albumcart c
		where p.product_id = c.product_id and userid=#{userid}
	</select>
	
	<!-- 장바구니 개별 삭제 -->
	<delete id="delete">
		delete from albumcart
		where cart_id=#{cart_id}
	</delete>
	
	<!-- 장바구니 전체 삭제 -->
	<delete id="deleteAll">
		delete from albumcart
		where userid=#{userid}
	</delete>
	
	<!-- 장바구니 수정 -->
	<update id="modifyCart">
		update albumcart
		set amount=#{amount}
		where cart_id=#{cart_id}
	</update>
</mapper>














