<?xml version="1.0" encoding="UTF-8"?>
<!DOCTYPE configuration
  PUBLIC "-//mybatis.org//DTD Config 3.0//EN"
  "http://mybatis.org/dtd/mybatis-3-config.dtd">
<configuration>

	<typeAliases>
		<typeAlias alias="QnaDTO" type="com.ranzo.power.model.board.dto.QnaDTO" />
		<typeAlias alias="ReviewDTO" type="com.ranzo.power.model.board.dto.ReviewDTO" />
		<typeAlias alias="ReviewReplyDTO" type="com.ranzo.power.model.board.dto.ReviewReplyDTO"/>
		<typeAlias alias="MemberDTO" type="com.ranzo.power.model.member.dto.MemberDTO"  />
		<typeAlias alias="ExhibitionDTO" type="com.ranzo.power.model.shop.dto.ExhibitionDTO"/>
		<typeAlias alias="reservDTO" type="com.ranzo.power.model.reserv.dto.ReservDTO"/>
		<typeAlias alias="reservDTO" type="com.ranzo.power.model.reserv.dto.ReservDTO"/>
	</typeAliases>
	
</configuration>

