<?xml version="1.0" encoding="UTF-8"?>
<beans xmlns="http://www.springframework.org/schema/beans"
	xmlns:xsi="http://www.w3.org/2001/XMLSchema-instance"
	xmlns:context="http://www.springframework.org/schema/context"
	xmlns:mybatis-spring="http://mybatis.org/schema/mybatis-spring"
	xsi:schemaLocation="http://mybatis.org/schema/mybatis-spring http://mybatis.org/schema/mybatis-spring-1.2.xsd
		http://www.springframework.org/schema/beans http://www.springframework.org/schema/beans/spring-beans.xsd
		http://www.springframework.org/schema/context http://www.springframework.org/schema/context/spring-context-4.1.xsd">

	<!-- Root Context: defines shared resources visible to all other web components -->
	<bean id="dataSource"
		class="org.springframework.jdbc.datasource.DriverManagerDataSource">
		<!-- 드라이버 클래스 이름이 변경됨 -->
		<property name="driverClassName"
			value="net.sf.log4jdbc.sql.jdbcapi.DriverSpy"></property>
		<!-- 연결문자열에 log4jdbc가 추가됨 -->
		<property name="url"
			value="jdbc:log4jdbc:oracle:thin:@localhost:1521:xe" />
		<property name="username" value="ranzo" />
		<property name="password" value="1234" />
	</bean>

	<!-- SqlSessionFactory 객체 주입 -->
	<bean class="org.mybatis.spring.SqlSessionFactoryBean"
		id="sqlSessionFactory">
		<property name="dataSource" ref="dataSource" />
		<property value="classpath:/mybatis-config.xml"
			name="configLocation" />
		<property value="classpath:mappers/**/*Mapper.xml"
			name="mapperLocations" />
	</bean>

	<!-- SqlSession 객체 주입 -->
	<bean class="org.mybatis.spring.SqlSessionTemplate"
		id="sqlSession" destroy-method="clearCache">

		<constructor-arg name="sqlSessionFactory"
			ref="sqlSessionFactory" />
	</bean>
</beans>
